target	predictor	average_spearman_rho	95%_CI	FDR_p	raw_p
improvements T2-T1	both T1	-0.25504	(-0.28455, -0.17101)	0.00667	0.00167
improvements T3-T1	both T1	-0.11536	(-0.15125, -0.0225)	0.02671	0.01336
improvements T3-T2	both T1	-0.11648	(-0.14736, -0.02578)	0.01781	0.00668
improvements T2-T1	both T2	-0.16623	(-0.20077, -0.07424)	0.00667	0.00167
improvements T3-T1	both T2	0.03918	(0.00258, 0.14339)	0.46077	0.46077
improvements T3-T2	both T2	0.03826	(0.00364, 0.13062)	0.46077	0.4374
improvements T3-T1	both T3	0.04477	(0.00768, 0.14374)	0.46077	0.35726
improvements T3-T2	both T3	0.0424	(0.00984, 0.13417)	0.46077	0.39399
