target	predictor	average_spearman_rho	95%_CI	FDR_p	raw_p
abilities T1	activations T1	0.05026	(0.01262, 0.162)	0.724	0.362
abilities T2	activations T1	0.01606	(-0.02286, 0.12769)	0.982	0.772
abilities T3	activations T1	-0.00056	(-0.03583, 0.10858)	0.982	0.982
abilities T2	activations T2	0.01144	(-0.02143, 0.10529)	0.982	0.822
abilities T3	activations T2	-0.05013	(-0.08583, 0.05095)	0.724	0.346
abilities T3	activations T3	0.12608	(0.09036, 0.22429)	0.096	0.016
