target	predictor	average_regression_weights	95%_CI	FDR_p	raw_p
weights T3-T2	L_SMA_T2 T2	0.00094	(-0.16295, -0.03501)	0.001	0.0416
weights T3-T2	L_DLPFC_T2 T2	0.00092	(-0.16299, -0.03491)	0.001	0.0204
weights T3-T2	L_IFGorb_T2 T2	0.00154	(-0.16231, -0.03419)	0.001	0.016
weights T3-T2	L_PTL_T2 T2	-0.00039	(-0.16426, -0.03608)	0.001	0.7848
weights T3-T2	R_DLPFC_T2 T2	0.00272	(-0.16096, -0.03276)	0.001	0.001
weights T3-T2	R_IFGorb_T2 T2	0.00232	(-0.1615, -0.03325)	0.001	0.0084
