target	predictor	average_spearman_rho	95%_CI	FDR_p	raw_p
improvements T2-T1	connectivity T1	-0.24872	(-0.28095, -0.15761)	0.00266	0.001
improvements T3-T1	connectivity T1	-0.14825	(-0.1819, -0.05285)	0.0044	0.0022
improvements T3-T2	connectivity T1	-0.126	(-0.15857, -0.0281)	0.016	0.012
improvements T2-T1	connectivity T2	0.21131	(0.18036, 0.30381)	0.00266	0.001
improvements T3-T1	connectivity T2	0.02658	(-0.0081, 0.12619)	0.69783	0.6106
improvements T3-T2	connectivity T2	-0.00604	(-0.03905, 0.09143)	0.9046	0.9046
improvements T3-T1	connectivity T3	0.21264	(0.18143, 0.30333)	0.00266	0.001
improvements T3-T2	connectivity T3	0.13095	(0.09857, 0.22429)	0.01312	0.0082
