target	predictor	average_regression_weights	95%_CI	FDR_p	raw_p
weights T2-T1	lDLPFC_to_lIFG_T2 T2	0.00734	(-0.15625, -0.02854)	0.001	0.001
weights T2-T1	lDLPFC_to_lPTL_T2 T2	-0.00576	(-0.16963, -0.04101)	0.001	0.001
weights T2-T1	lSMA_to_lIFG_T2 T2	0.00428	(-0.15948, -0.0319)	0.001	0.001
weights T2-T1	lSMA_to_lPTL_T2 T2	0.00691	(-0.15685, -0.02891)	0.001	0.001
weights T2-T1	lIFG_to_lPTL_T2 T2	0.00744	(-0.15638, -0.02772)	0.001	0.001
weights T2-T1	lPTL_to_lIFG_T2 T2	-4e-05	(-0.16407, -0.03567)	0.001	0.9368
weights T2-T1	rIFG_to_lIFG_T2 T2	-0.01076	(-0.17451, -0.04641)	0.001	0.001
weights T2-T1	rDLPFC_to_lIFG_T2 T2	-0.00392	(-0.16772, -0.03999)	0.001	0.001
weights T2-T1	rDLPFC_to_lPTL_T2 T2	0.016	(-0.14768, -0.01941)	0.001	0.001
